多语言,亚洲最长语言,亚洲最长,其他最长语言,其他最长
激光横扫,韩语,레이저 스윕,葡萄牙（巴西）,VARREDURA LASER
可以打开冰系宠物魔法蛋的锤子,日语,氷のポンエッグを叩いて開けることができるハンマー,印尼语,Martil yang dapat menghancurkan dan membuka PunEgg Es
取消,日语,キャンセル,德语,Abbrechen
传说靴子晶石,日语,レジェンダリー靴の魔晶石,法语,Longe de chaussures légendaires
随机获得一个A级稀有宠物,日语,ランダムに選択されたAグレードのレアペットを1匹ゲットしよう,俄语,Получите 1 случайного редкого питомца класса A
等级{0},韩语,레벨 {0},阿拉伯语,المستوى {0}
随机稀有武器,日语,ランダムレアの武器,德语,Zufällige Seltene Waffe
卡组未满，是否使用现有的卡组开始扫荡,韩语,카드 데크가 가득 차 있지 않았습니다. 현재 카드를 사용하여 소탕을 시작하시겠습니까?,法语,L'ensemble n'est pas complet. Utiliser les cartes actuelles pour commencer le Blitz ?
影分身,韩语,섀도우 클론,印尼语,KLONA BAYANGAN
史诗衣服晶石,日语,エピック衣服の魔晶石,越南语,Tiết Kiệm Áo Choàng Cực Phẩm
近战怪物（含首领）造成的伤害额外减少<color=#00FF00>20%</color>,韩语,근접 몬스터가 (보스 포함) 입히는 데미지 추가 <color=#00FF00>20%</color> 감소,西班牙语（西班牙）,El daño infligido de los monstruos a corta distancia (monstruos incluidos) se reducen un <color=#00FF00>20%</color> más.
请选择一个首领进行挑战,韩语,도전할 보스를 선택하세요,德语,"Wähle einen Boss aus, um ihn herauszufordern."
血量上限提升{0}%,韩语,최대 HP {0}% 증가,阿拉伯语,تمت زيادة نقاط الصحة القصوى بنسبة {0}%
随机S级传说宠物,日语,ランダムSグレードのレジェンダリーのペット,法语,Familier légendaire de qualité S aléatoire
复活节嘉年华的收集物，可以用来兑换奖品,韩语,보상을 교환하는 데 사용되는 부활절 파티 수집 아이템입니다,德语,"Gegenstand, der beim Karneval am Ostertag gesammelt und gegen Preise eingetauscht werden kann."
复活节派对,日语,イースターパーティー,俄语,Пасхальная вечеринка
22情人节头像框,日语,2022年バレンタインデーフレーム,越南语,Khung Lễ Tình Nhân 22 phiên bản giới hạn
飞弹精通,日语,ミサイルマスター,法语,MAÎTRE DES MISSILES
增强装备,韩语,장비 강화,意大利语,Rafforza l'equipaggiamento
随机获得一件史诗戒指,日语,ランダムに選択されたエピックの指輪を1つゲットしよう,俄语,Получите 1 случайное кольцо эпического качества
<color=#ff0000>携带上限：{0}</color>,韩语,<color=#ff0000>최대 카드 수: {0}</color>,阿拉伯语,<color=#ff0000>الحد الأقصى للبطاقات: {0}</color>
荣耀护腕晶石,韩语,영예 팔보호구 크리스탈,阿拉伯语,مناوشة الواقيات الداعمة الشرفيّة
已通关,日语,フロアをクリアしました,德语,Ebene abgeschlossen
所有冰霜伤害提升{0}%,日语,すべての氷ダメージが{0}%増加する,法语,Tous les dégâts de glace ont été augmentés de {0} %
虎虎生威,韩语,호랑이 분노,越南语,Cơn Giận Dữ của Hổ
回血量提升{0}%,日语,HP回復量が{0}%増加する,法语,Récupération des points de vie augmentée de {0} %
蜡烛不足,日语,キャンドルが足りません,西班牙语（西班牙）,No tienes suficientes velas
所有攻击伤害提升{0}%,韩语,모든 공격 데미지 {0}% 증가,法语,Tous les dégâts d'attaque sont augmentés de {0} %
扫荡,日语,スキップ,西班牙语（西班牙）,Guerra relámpago
挑战试炼之塔内首领获得\n宝箱和试炼硬币,韩语,시련의 탑에서 보스를 도전하여 보물 상자와 시련 코인을 획득하세요,法语,Affrontez le boss de la Tour des épreuves pour obtenir des coffres au trésor et des Pièces d'épreuve
随机优秀护腕,日语,ランダムグッドのブレーサー,西班牙语（西班牙）,Brazaletes buenos aleatorios
获得<color=#ebbbff><b>永恒+4</b></color>装备,日语,<color=#ebbbff><b>エターナル+4</b></color>装備をゲット,德语,Erhalte einen Ausrüstungsgegenstand <color=#ebbbff>Ewig +4</color>
"所有冰霜伤害提升{0}%,冰冻概率提升",韩语,모든 얼음 데미지가 {0}% 증가되며 동결 확률도 증가됩니다,法语,Tous les dégâts de glace ont été augmentés de {0} %. Augmentation des chances de gel
未解锁,繁体中文,未解鎖,法语,Verrouillé
放弃,韩语,건너뛰기,德语,ÜBERSPRINGEN
虎头虎脑,韩语,씩씩한 호랑이,意大利语,Orgoglio della tigre
无敌罩,韩语,무적 커버,法语,COUVERTURE INVINCIBLE
所有飞弹伤害提升{0}%,日语,すべてのミサイルダメージが{0}%増加する,法语,Les dégâts des missiles ont été augmentés de {0} %.
随机优秀靴子,日语,ランダムグッドの靴,法语,Chaussures bonnes aléatoires
雷电精通,韩语,번개 마스터,法语,MAÎTRE DE LA FOUDRE
是否使用现有的卡组开始扫荡,韩语,현재 카드를 사용하여 소탕을 시작하시겠습니까?,越南语,Có dùng các thẻ hiện tại để bắt đầu Đánh Chớp Nhoáng không?
追魂夺魄,日语,ミサイルチェーサー,意大利语,CACCIATORE DI MISSILI
横激光球,韩语,가로 레이저 볼,阿拉伯语,كرة الليزر الأفقي
特殊球攻击提升,韩语,스페셜 볼 공격 증가,德语,ANGRIFFSVERSTÄRKUNG (SPEZIALKUGELN)
增强卡组,日语,カードの強化,泰语,เสริมความแข็งแกร่งการ์ด
在装备合成时可替代任意荣耀帽子的神秘材料,韩语,장비 융합 시 아무 영예 모자를 대체하는 데 사용됩니다,法语,Peut remplacer n'importe quel chapeau d'honneur pendant la fusion des équipements
蓄力中怪物不发动攻击的概率额外增加<color=#00FF00>10%</color>,韩语,돌진 중 몬스터들이 공격하지 않을 확률 <color=#00FF00>10%</color> 증가,德语,"Die Wahrscheinlichkeit, dass Monster nicht angreifen, ist um <color=#00FF00>10%</color> erhöht."
商品已售罄,日语,アイテムは売り切れです！,西班牙语（西班牙）,¡El objeto se ha agotado!
本回合雅典娜护盾未被击碎，下回合攻击力增加<color=#00FF00>20%</color>,韩语,이번 라운드에 아테나 방패가 부서지지 않으면 다음 라운드에 공격이 <color=#00FF00>20%</color> 증가됩니다,德语,"Wenn Athenas Schild in dieser Runde nicht zerbricht, werden in der folgenden Runde <color=#00FF00>20%</color> zusätzliche Angriffskraft gewährt."
复活节,日语,イースター,法语,JOUR DE PÂQUES
狙击球,日语,スナイパーボール,西班牙语（西班牙）,BOLA DE FRANCOTIRADOR
获得{0}个冰冻球,日语,アイスボールを{0}個ゲットする,俄语,Получите замораживающие шары: {0}
首领狂暴！,韩语,보스 분노!,越南语,Cơn Thịnh Nộ Của Trùm!
雷霆万钧,繁体中文,雷霆萬鈞,俄语,ГРОМ И МОЛНИЯ
2022年春节限定头像,韩语,2022년 봄축제 한정 아바타,越南语,Ảnh đại diện Tết Nguyên Đán 2022 phiên bản giới hạn
随机A级史诗火系宠物,日语,ランダムAグレードのエピックペット,俄语,Случайный эпический огненный питомец класса А
装备降品,日语,グレード ダウン,法语,Grade inférieur
2022年情人节限定头像框,日语,2022年バレンタインデー限定フレーム,俄语,Коллекционная рамка ко Дню св. Валентина 2022
解锁,日语,アンロック,法语,Déverrouiller
购买挑战次数,韩语,도전 횟수 구매,德语,Herausforderungsversuche kaufen
复活节\n嘉年华,日语,イースター\nカーニバル,法语,CARNAVAL DU\nJOUR DE PÂQUES
虚空飞弹,韩语,허공 미사일,葡萄牙（巴西）,MÍSSEIS DO VAZIO
特殊球造成的连击数增加{0},韩语,스페셜 볼이 생성하는 콤보 수 {0} 증가,法语,Le nombre de combinaisons de balles spéciales a été augmenté de {0}
事半,韩语,적은 것이 더 많다,俄语,МЕНЬШЕ ЗНАЧИТ БОЛЬШЕ
可以用来快速扫荡主线的卷轴,日语,ステージバトルを速やかにコンプリートするために使用できる,印尼语,Digunakan untuk menuntaskan pertempuran stage dengan cepat
随机获得一件优秀靴子,日语,ランダムに選択されたグッドの靴を1つゲットしよう,俄语,Получите 1 случайную пару обуви хорошего качества
商店补货,繁体中文,商店補貨,阿拉伯语,إعادة تزويد السلع
是否花费试炼硬币购买商品？,日语,試練コインを使用してアイテムを購入しますか？,意大利语,Utilizzare Monete della prova per acquistare oggetti?
装备是最低等级无法降级,韩语,장비가 이미 최저 레벨입니다,德语,Ausrüstung ist bereits auf niedrigstem Level
<b>永恒 + 1</b>,韩语,<b>이터널 + 1</b>,越南语,Vĩnh Hằng + 1
史诗帽子晶石,韩语,에픽 모자 크리스탈,俄语,Кристалл эпического головного убора
卡牌选择,日语,カードを選択,法语,Sélectionner une carte
选择扫荡卡牌,日语,スキップに使うカードを選択,西班牙语（西班牙）,Elegir cartas de Guerra relámpago
所有特殊球伤害增加{0}%,日语,スペシャルボールのダメージが{0}%増加する,法语,Tous les dégâts de la balle spéciale ont été augmentés de {0} %
本轮卡组,韩语,이번 라운드 카드,意大利语,Le carte di questo turno
降级,日语,レベル ダウン,法语,Niveau inférieur
首领侧面受到伤害增加<color=#00FF00>15%</color>,日语,ボスの両側面で受けるダメージが更に<color=#00FF00>15%</color>増える,德语,Der von Bossen an den Seiten erlittene Schaden wird um <color=#00FF00>15%</color> erhöht.
放弃本轮,繁体中文,放棄本輪,印尼语,Berhenti
荣耀靴子晶石,韩语,영예 신발 크리스탈,法语,Longe  de chaussures d'honneur
随机获得一件史诗靴子,日语,ランダムに選択されたエピックの靴を1つゲットしよう,俄语,Получите 1 случайную пару обуви эпического качества
角色血量大于<color=#00FF00>80%</color>时，即可增加特殊球伤害,日语,キャラクターのHPが<color=#00FF00>80%</color>を上回ると、スペシャルボールダメージが増える,法语,"Lorsque vos PV sont supérieurs à <color=#00FF00>80 %</color>, les dégâts spéciaux de la balle sont augmentés"
获得<color=#ebbbff><b>永恒+1</b></color>装备,日语,<color=#ebbbff><b>エターナル+1</b></color>装備をゲット,德语,Erhalte einen Ausrüstungsgegenstand <color=#ebbbff>Ewig +1</color>
随机获得一件优秀武器,日语,ランダムに選択されたグッドの武器を1つゲットしよう,俄语,Получите 1 случайный предмет оружия хорошего качества
随机史诗武器,日语,ランダムエピックの装備,越南语,Vũ Khí Cực Phẩm ngẫu nhiên
S1赛季星耀头像框,日语,S1ステラ―フレーム,俄语,Звездная рамка класса S1
分裂球,韩语,스플릿 볼,俄语,РАССЫПАЮЩИЙСЯ ШАР
随机史诗靴子,日语,ランダムエピックの靴,法语,Chaussures épiques aléatoires
获得{0}个竖激光球,日语,縦レーザーボールを{0}個ゲットする,意大利语,Ottieni {0} biglia/e Laser verticale
随机获得一件优秀装备,日语,ランダムに選択されたグッドの装備を1つゲットしよう,俄语,Получите 1 случайный предмет снаряжения хорошего качества
随机获得一件稀有装备,日语,ランダムに選択されたレアの装備を1つゲットしよう,俄语,Получите 1 случайный предмет снаряжения редкого качества
购买次数已达上限,日语,購入回数の上限に達しました,意大利语,Numero massimo di tentativi di acquisto raggiunto
每回合第一个球伤害{0}倍,韩语,각 라운드의 첫 볼은 {0}배의 데미지를 입힙니다,德语,Die erste Kugel in jeder Runde verursacht {0}-fachen Schaden.
激光精通,日语,レーザーマスター,俄语,ПОВЕЛИТЕЛЬ ЛАЗЕРОВ
每回合最后一个球伤害{0}倍,韩语,각 라운드의 마지막 볼은 {0}배의 데미지를 입힙니다,德语,Die letzte Kugel in jeder Runde verursacht {0}-fachen Schaden.
S1赛季钻石头像框,日语,S1ダイヤモンドフレーム,俄语,Бриллиантовая рамка класса S1
强化材料,韩语,강화 재료,葡萄牙（巴西）,Materiais de Aprimoramento
火焰精通,韩语,화염 마스터,葡萄牙（巴西）,MESTRE DAS CHAMAS
失败,繁体中文,失敗,阿拉伯语,تعرضت للهزيمة
在装备合成时可替代任意荣耀衣服的神秘材料,韩语,장비 융합 시 아무 영예 옷를 대체하는 데 사용됩니다,越南语,Có thể thay thế bất kỳ Áo Choàng Danh Dự nào trong suốt quá trình dung hợp trang bị
风筝节,日语,凧あげ祭り,阿拉伯语,الاحتفال بالطائرات الورقية
选择,繁体中文,選擇,法语,Sélectionner
进入试炼,繁体中文,進入試煉,西班牙语（西班牙）,Introducir
击败导弹,韩语,데스 미사일,意大利语,MISSILE DELLA MORTE
随机A级优秀宠物,日语,ランダムAグレードのグッドペット,俄语,Случайный хороший питомец класса А
冰霜精通,韩语,얼음 마스터,意大利语,MAESTRO DEL GHIACCIO
随机优秀武器,日语,ランダムグッドの武器,俄语,Случайное хорошее оружие
随机普通装备,日语,ランダムノーマルの装備,意大利语,Equipaggiamento normale casuale
所有普通球伤害增加{0}%,日语,ノーマルボールのダメージが{0}%増加する,法语,Tous les dégâts de balle normale ont été augmentés de {0} %
背包,日语,かばん,阿拉伯语,الحقيبة
对生命值低于<color=#00FF00>50%</color>的怪物伤害增加<color=#00FF00>20%</color>,韩语,HP가 <color=#00FF00>50%</color> 이하인 몬스터에게 입히는 데미지 <color=#00FF00>20%</color> 증가,法语,Les dégâts infligés aux monstres ayant moins de <color=#00FF00>50 %</color> de PV sont augmentés de <color=#00FF00>20 %</color>
随机获得一件神级传说装备,日语,ランダムに選択されたレジェンダリーの遺物のアイテムを1つゲットしよう,意大利语,Ottieni 1 oggetto equipaggiamento leggendario Reliquia casuale
哈迪斯的灵魂冲击对怪物造成伤害时，会直接秒杀血量低于<color=#00FF00>10%</color>的怪物,日语,ハーデースのスピリットチャージは、ダメージを与える際、HPが<color=#00FF00>10%</color>以下のモンスターをインスタントキルする。,意大利语,La Carica spirituale dell'Ade uccide istantaneamente i mostri con meno del <color=#00FF00>10%</color> di PV nel momento in cui viene inflitto il danno
每{0}回合无敌{1}回合,韩语,{0}라운드마다 {1}라운드 동안 무적 됩니다,德语,Alle {0} Runde(n) wird für {1} Runde(n) lang Unverwundbarkeit gewährt.
获得<color=#ebbbff><b>永恒+5</b></color>装备,日语,<color=#ebbbff><b>エターナル+5</b></color>装備をゲット,德语,Erhalte einen Ausrüstungsgegenstand <color=#ebbbff>Ewig +5</color>
击败雷击,日语,デスサンダー,意大利语,FULMINE DELLA MORTE
导弹球,日语,ミサイルボール,法语,BALLE DE MISSILE
冲锋陷阵,繁体中文,衝鋒陷陣,越南语,XÔNG PHA CHIẾN ĐẤU
获得{0}个分裂球,日语,分裂ボールを{0}個ゲットする,葡萄牙（巴西）,Obtenha {0} bola(s) Divisível(is)
在装备合成时可替代任意史诗护腕的神秘材料,韩语,장비 융합 시 아무 에픽 팔보호구를 대체하는 데 사용됩니다,越南语,Có thể thay thế bất kỳ Băng Tay Cực Phẩm nào trong suốt quá trình dung hợp trang bị
随机获得一件稀有靴子,日语,ランダムに選択されたレアの靴を1つゲットしよう,俄语,Получите 1 случайную пару обуви редкого качества
反伤尖刺杀死的怪物会为角色恢复最大生命值<color=#00FF00>10%</color>的血量,日语,ダメージを反射するトゲによってキルされたモンスターは、最大HPの<color=#00FF00>10%</color>を復元する,德语,"Wenn Monster durch schadensreflektierende Stacheln sterben, werden <color=#00FF00>10%</color> der Max. GP wiederhergestellt."
随机优秀戒指,日语,ランダムグッドの指輪,俄语,Случайное хорошее кольцо
角色血量少于<color=#00FF00>20%</color>时，攻击力额外增加<color=#00FF00>20%</color>,日语,キャラクターのHPが<color=#00FF00>20%</color>を下回ると、攻撃が追加で<color=#00FF00>20%</color>増える,德语,"Wenn deine GP unter <color=#00FF00>20%</color> liegen, werden <color=#00FF00>20%</color> zusätzliche Angriffskraft gewährt."
爆裂天罚,韩语,콤보 폭탄,阿拉伯语,ضربات القنابل المتتالية
随机A级史诗森系宠物,日语,ランダムAグレードのエピックの森のペット,法语,Familier de la jungle épique de grade A aléatoire
流星的范围增大到<color=#00FF00>4*4</color>,韩语,메테오 범위 <color=#00FF00>4*4</color>로 증가,意大利语,Il raggio d'azione di Meteora è aumentato a <color=#00FF00>4*4</color>
获得<color=#ebbbff><b>永恒</b></color>装备,日语,<color=#ebbbff><b>エターナル</b></color>装備をゲット,德语,Erhalte einen Ausrüstungsgegenstand <color=#ebbbff>Ewig</color>
背包中没有物品,日语,かばん内にアイテムがありません,德语,Keine Gegenstände in der Tasche
荣耀衣服晶石,韩语,영예 옷 크리스탈,越南语,Tiết Kiệm Áo Choàng Danh Dự
<b>永恒 + 3</b>,韩语,<b>이터널 + 3</b>,越南语,Vĩnh Hằng + 3
传说帽子晶石,日语,レジェンダリー帽子の魔晶石,俄语,Кристалл легендарного головного убора
击败激光,韩语,데스 레이저,意大利语,LASER DELLA MORTE
第{0}层,日语,フロア{0},阿拉伯语,الطابق {0}
在装备合成时可替代任意传说靴子的神秘材料,韩语,장비 융합 시 아무 레전드 신발을 대체하는 데 사용됩니다,法语,Peut remplacer n'importe quelle chaussure légendaire lors de la fusion d'équipements
S1赛季铂金头像框,韩语,S1 플래티넘 액자,俄语,Платиновая рамка класса S1
开始扫荡,繁体中文,開始掃蕩,西班牙语（西班牙）,Guerra relámpago
随机获得一个A级史诗火系宠物,日语,ランダムに選択されたAグレードのエピックの炎のペットを1匹ゲットしよう,俄语,Получите 1 случайного эпического огненного питомца класса A
在装备合成时可替代任意史诗衣服的神秘材料,韩语,장비 융합 시 아무 에픽 옷를 대체하는 데 사용됩니다,越南语,Có thể thay thế bất kỳ Áo Choàng Cực Phẩm nào trong suốt quá trình dung hợp trang bị
随机S级史诗雷系宠物,日语,ランダムSグレードのエピックの雷のペット,法语,Familier de tonnerre épique de grade S aléatoire
随机优秀帽子,日语,ランダムグッドの帽子,俄语,Случайный хороший головной убор
是否花费钻石购买挑战次数？,韩语,보석을 사용하여 도전 횟수를 구매하시겠습니까?,德语,"Edelsteine einsetzen, um Herausforderungsversuche zu kaufen?"
开始扫荡,繁体中文,開始掃蕩,西班牙语（西班牙）,Guerra relámpago
移除,简体中文,移除,法语,Supprimer
荣耀戒指晶石,韩语,영예 반지 크리스탈,意大利语,Barite dell'Anello d'onore
随机史诗帽子,日语,ランダムエピックの帽子,俄语,Случайный эпический головной убор
随机稀有衣服,日语,ランダムレアの衣服,俄语,Случайный редкий предмет одежды
所有激光伤害提升{0}%，所有激光变成十字激光,韩语,모든 레이저 데미지가 {0}% 증가되며 레이저가 4방향으로 발사됩니다,法语,Tous les dégâts de laser ont été augmentés de {0} %. Les lasers se déclenchent dans 4 directions
可以打开森系宠物魔法蛋的锤子,日语,森のポンエッグを叩いて開けることができるハンマー,印尼语,Martil yang dapat menghancurkan dan membuka PunEgg Rimba
炸弹球,日语,爆弾ボール,法语,BALLE DE BOMBE
获得{0}个背刺球,日语,暗殺ボールを{0}個ゲットする,法语,Obtenir {0} balle(s) par derrière
随机史诗戒指,日语,ランダムエピックの指輪,俄语,Случайное эпическое кольцо
随机获得一件稀有武器,日语,ランダムに選択されたレアの武器を1つゲットしよう,俄语,Получите 1 случайное оружия редкого качества
Combo技能触发数减少{0}%,日语,コンボスキルを発動するためのコンボ数が{0}%減少する,西班牙语（西班牙）,El recuento de activación de habilidad de combo se reduce en un {0}%.
角色血量低于<color=#00FF00>30%</color>时，远程怪物（不含首领）命中率额外减少<color=#00FF00>20%</color>,韩语,HP가 <color=#00FF00>30%</color> 이하 시 원거리 몬스터의 (보스 미포함) 적중 확률 추가 <color=#00FF00>20%</color> 감소,西班牙语（西班牙）,"Cuando tus PS son inferiores al <color=#00FF00>30%</color>, la frecuencia de impacto de los monstruos a larga distancia (excepto los jefes) se reducen un <color=#00FF00>20%</color> adicional."
角色血量小于<color=#00FF00>50%</color>时，即可获得减伤,日语,キャラクターのHPが<color=#00FF00>50%</color>を下回る場合、受けるダメージが減少する,德语,"Wenn deine GP unter <color=#00FF00>50%</color> liegen, wird eine Schadensverringerung gewährt."
恢复增加,韩语,회복 증가,西班牙语（西班牙）,AUMENTO DE LA RECUPERACIÓN
挑战,日语,チャレンジ,德语,Herausforderung
重置倒计时：,繁体中文,重置倒數計時：,法语,Heure de réinitialisation :
黑洞球,日语,ブラックホールボール,德语,SCHWARZES-LOCH-KUGEL
冰冻球,日语,アイスボール,俄语,ЗАМОРАЖИВАЮЩИЙ ШАР
首次通关{0}层,日语,初めてフロア{0}をクリアしました,法语,Niveau {0} terminé pour la 1re fois 
钻头球,日语,ドリルボール,法语,BALLE DE FORAGE
尚未收集任何卡牌,日语,収集したカードがありません,印尼语,Belum ada kartu yang dikumpulkan
史诗武器晶石,韩语,에픽 무기 크리스탈,俄语,Кристалл эпического оружия
主线扫荡券,韩语,스테이지 소탕 스크롤 ,西班牙语（西班牙）,Pergamino de guerra relámpago de fase
随机获得一个A级史诗森系宠物,日语,ランダムに選択されたAグレードのエピックの森のペットを1匹ゲットしよう,俄语,Получите 1 случайного эпического джунглевого питомца класса A
<b>永恒 + 4</b>,韩语,<b>이터널 + 4</b>,越南语,Vĩnh Hằng + 4
随机S级史诗森系宠物,日语,ランダムSグレードのエピックの森のペット,法语,Familier de la jungle épique de grade S aléatoire
通关主线第{0}章后解锁,日语,メインステージ{0}をクリアして アンロックしよう,法语,Terminez le niveau principal {0} pour déverrouiller
史诗戒指晶石,韩语,에픽 반지 크리스탈,俄语,Кристалл эпического кольца
雷电精通,韩语,번개 마스터,法语,MAÎTRE DE LA FOUDRE
荣耀帽子晶石,韩语,영예 모자 크리스탈,俄语,Кристалл почетного головного убора
生成燃烧之地的概率提升至<color=#00FF00>100%</color>,韩语,불타는 구역 생성 확률 <color=#00FF00>100%</color>로 증가,法语,Le taux d'apparition de la zone brûlante a été augmenté à <color=#00FF00>100 %</color>
确定,繁体中文,確定,俄语,Подтвердить
史诗靴子晶石,韩语,에픽 신발 크리스탈,法语,Longe de chaussures épiques
在装备合成时可替代任意荣耀护腕的神秘材料,韩语,장비 융합 시 아무 영예 팔보호구를 대체하는 데 사용됩니다,法语,Peut remplacer n'importe quel brassard d'honneur pendant la fusion des équipements
补充商品次数已经用完,日语,補充回数が使い切った！,法语,Toutes les réapprovisionnements ont été utilisés !
怪物被击败对随机{0}敌人造成雷电伤害,韩语,죽인 몬스터가 무작위 적 {0}명에게 번개 데미지를 입힙니다,法语,Les monstres tués infligent des dégâts de foudre à {0} ennemis aléatoires
2022年春节限定头像框,韩语,2022년 봄축제 한정 액자,葡萄牙（巴西）,Moldura Limitada do Festival de Primavera 2022
连击数每达到{0}时天降雷击并连锁{1}个怪物,韩语,콤보 수가 {0}에 도달할 때마다 번개가 치고 몬스터 {1}마리를 연결합니다,德语,"Für jede Kombo, die {0} erreicht, werden Blitzschläge ausgelöst, die {1} Monster in Ketten legen."
角色血量大于<color=#00FF00>80%</color>时，即可增加攻击力,日语,キャラクターのHPが<color=#00FF00>80%</color>を上回ると、攻撃が増える,法语,"Lorsque vos PV sont supérieurs à <color=#00FF00>80 %</color>, l'attaque est augmentée"
随机获得一件优秀帽子,日语,ランダムに選択されたグッドの帽子を1つゲットしよう,俄语,Получите 1 случайный головной убор хорошего качества
闪避时攻击力永久增加<color=#00FF00>2%</color>（上限20%）,韩语,회피 시 공격 <color=#00FF00>2%</color> 증가 (최대 20%),德语,Bei Ausweichen wird die Angriffskraft um <color=#00FF00>2%</color> erhöht (max. 20%).
随机A级稀有宠物,日语,ランダムAグレードのレアペット,法语,Familier rare de grade A aléatoire
所有火焰伤害提升{0}%,日语,すべての炎ダメージが{0}%増加する,法语,Tous les dégâts de feu ont été augmentés de {0} %
商品购买,日语,アイテムを購入,德语,Gegenstand kaufen
特殊连击,日语,スペシャルコンボ,阿拉伯语,ضربات متتالية مميزة
其他技能,日语,その他のスキル,法语,Autres compétences
秒杀球,日语,即死ボール,西班牙语（西班牙）,BOLA DE INSTAMUERTE
黑洞消失时变成{0}个飞弹,日语,ブラックホールが消失する際、{0}個のミサイルを召喚する,德语,"Das Schwarze Loch verwandelt sich in {0} Rakete(n), wenn es verschwindet."
随机稀有装备,日语,ランダムレアの装備,德语,Zufällige Seltene Ausrüstung
随机优秀衣服,日语,ランダムグッドの衣服,俄语,Случайный хороший предмет одежды
随机获得一件优秀戒指,日语,ランダムに選択されたグッドの指輪を1つゲットしよう,俄语,Получите 1 случайное кольцо хорошего качества
随机获得一个S级传说宠物,日语,ランダムに選択されたSグレードのレジェンダリーのペットを1匹ゲットしよう,法语,Obtenez 1 familier légendaire de qualité S aléatoire
普通球攻击提升,韩语,노멀 볼 공격 증가,德语,ANGRIFFSVERSTÄRKUNG (NORMALE KUGELN)
风筝节嘉年华的收集物，可以用来兑换奖品,日语,凧あげ祭りカーニバルの収集アイテム。賞品の交換に使用できます。,法语,Objet collecté du Carnaval du festival des cerfs-volants. S'utilise pour échanger contre des prix
雷系史诗锤子,日语,エピックの雷ハンマー,法语,Marteau du tonnerre épique
活动时间,韩语,이벤트 시간,俄语,Продолжительность события
随机获得一件史诗衣服,日语,ランダムに選択されたエピックの衣服を1つゲットしよう,俄语,Получите 1 случайный предмет одежды эпического качества
连击数每达到{0}时对随机{1}排敌人造成激光伤害,韩语,{0} 콤보마다 무작위로 {1}열의 적에게 레이저 데미지를 입힙니다,法语,"Chaque combo de {0} de coups, inflige des dégâts laser à {1} ligne(s) ennemie(s) aléatoire(s)"
连击数每达到{0}时向血量最少的敌人发射{1}个追踪飞弹,韩语,{0} 콤보마다 HP가 가장 낮은 적에게 추적 미사일이 발사됩니다,阿拉伯语,كلما وصل عدد مجموعة الضربات إلى {0}، أطلق {1} من الصواريخ الموجّهة نحو الأعداء الذين لديهم أدنى عدد نقاط صحة.
冰华霜降,韩语,얼음 서리,西班牙语（西班牙）,ESCARCHA DE HIELO
彩蛋,日语,イースターエッグ,土耳其语,Paskalya Yumurtası
当敌人死亡时，额外生成<color=#00FF00>1</color>个特殊球,日语,モンスターをキルするとスペシャルボールが<color=#00FF00>1</color>個生成される,德语,Beim Töten von Monstern wird <color=#00FF00>1</color> Spezialkugel erzeugt.
连击数每达到{0}时天降{1}个高额伤害的黑洞球,韩语,{0} 콤보마다 높은 데미지의 블랙홀 볼 {1}개가 떨어집니다,阿拉伯语,كلما وصل عدد مجموعة الضربات إلى {0}، أسقِط {1} من كرات الثقب الأسود مرتفعة الضرر.
装备降品会返还100%的装备和材料,韩语,장비 품질 다운 시 장비 및 재료가 100% 반환됩니다,意大利语,L'abbassamento del Grado dell'equipaggiamento rimborsa il 100% dell'equipaggiamento e dei materiali
当怪物数量大于等于15时，减少受到伤害<color=#00FF00>30%</color>,韩语,몬스터 수가 15보다 크거나 같을 때 받는 데미지 <color=#00FF00>30%</color> 감소,德语,"Wenn die Anzahl an Monstern 15 oder mehr beträgt, wird der erlittenen Schaden um <color=#00FF00>30%</color> verringert."
在装备合成时可替代任意史诗武器的神秘材料,韩语,장비 융합 시 아무 에픽 무기를 대체하는 데 사용됩니다,越南语,Có thể thay thế bất kỳ Vũ Khí Cực Phẩm nào trong suốt quá trình dung hợp trang bị
随机史诗护腕,日语,ランダムエピックのブレーサー,葡萄牙（巴西）,Braçadeiras Épicas Aleatórias
在装备合成时可替代任意荣耀戒指的神秘材料,韩语,장비 융합 시 아무 영예 반지를 대체하는 데 사용됩니다,德语,Kann beim Fusionieren von Ausrüstung einen beliebigen Ehrenhaften Ring ersetzen.
是否花费宝石为试练商店补货？,日语,商品の在庫を補充するために宝石を使用しますか？,法语,Utiliser des Gemmes pour réapprovisionner la marchandise de la Boutique de l'Épreuve ?
在试炼之塔探索中获得的神秘货币，可以在试炼商店中用来购买想要的东西,韩语,시련의 탑 탐험을 통해 얻은 신비한 재화는 시련의 상점에서 원하는 아이템을 구입하는 데 사용됩니다,法语,"Obtenue lors de l'exploration d'Épreuve, cette mystérieuse monnaie peut être utilisée pour acheter ce que vous voulez dans la boutique de l'Épreuve"
所有激光伤害提升{0}%,日语,すべてのレーザーダメージが{0}%増加する,法语,Tous les dégâts de laser ont été augmentés de {0} %
血量增加,韩语,HP 증가,阿拉伯语,زيادة نقاط الصحة
竖激光球,韩语,세로 레이저 볼,俄语,ВЕРТ. ЛАЗЕРНЫЙ ШАР
放弃本轮挑战会重新从第1层开始挑战，确定要放弃本轮挑战吗？,韩语,이번 도전을 포기하시면 1층로 리셋됩니다. 포기하시겠습니까?,德语,"Wenn du aufgibst, wird dein Fortschritt auf Level 1 zurückgesetzt. Willst du wirklich aufhören?"
背刺球,韩语,백스탭 볼,印尼语,BOLA TUSUK BELAKANG
S1赛季黄金头像框,日语,S1ゴールドフレーム,俄语,Золотая рамка класса S1
随机稀有护腕,日语,ランダムレアのブレーサー,德语,Zufällige Seltene Armschoner
通过{0}层后解锁,日语,フロア{0}をクリアしてアンロック,印尼语,Tuntaskan Lantai {0} untuk mengaktifkan
获得{0}个雷电球,日语,サンダーボールを{0}個ゲットする,法语,Obtenez {0} boule(s) de foudre
首通奖励,韩语,첫 클리어 보상,西班牙语（西班牙）,Recompensa por primera finalización
随机获得一件稀有衣服,日语,ランダムに選択されたレアの衣服を1つゲットしよう,俄语,Получите 1 случайный предмет одежды редкого качества
随机获得一个A级普通宠物,日语,ランダムに選択されたAグレードのノーマルペットを1匹ゲットしよう,俄语,Получите 1 случайного обычного питомца класса A
随机获得一件稀有戒指,日语,ランダムに選択されたレアの指輪を1つゲットしよう,俄语,Получите 1 случайное кольцо редкого качества
使用,简体中文,使用,法语,Utilisation
冰霜精通,韩语,얼음 마스터,意大利语,MAESTRO DEL GHIACCIO
变强方式,韩语,강해지는 법,法语,Comment devenir plus fort
Combo技能有{0}%概率会触发{1}次,韩语,콤보 스킬은 {0}% 확률로 {1}번 발동됩니다,西班牙语（西班牙）,Las habilidades de combo tienen un {0}% de probabilidad de activarse {1} vez(es).
售罄,日语,売り切れ,印尼语,Habis Terjual
增强宠物,日语,ペットの強化,泰语,เสริมความแข็งแกร่งสัตว์เลี้ยง
连击数每达到{0}时对随机{1}列敌人造成激光伤害,韩语,{0} 콤보마다 무작위로 {1}열의 적에게 레이저 데미지를 입힙니다,法语,"Chaque combo de {0} coups, inflige des dégâts laser à {1} colonne(s) ennemie(s) aléatoire(s)"
获得<color=#ebbbff><b>永恒+3</b></color>装备,日语,<color=#ebbbff><b>エターナル+3</b></color>装備をゲット,德语,Erhalte einen Ausrüstungsgegenstand <color=#ebbbff>Ewig +3</color>
随机稀有帽子,日语,ランダムレアの帽子,俄语,Случайный редкий головной убор
森系史诗锤子,日语,エピックの森ハンマー,意大利语,Martello della giungla epico
若角色本回合受到的总伤害大于自身最大生命值的<color=#00FF00>20%</color>，下回合攻击力额外增加<color=#00FF00>35%</color>,韩语,이번 라운드에 받은 총 데미지가 최대 HP의 <color=#00FF00>20%</color> 이상일 때 다음 라운드에 공격이 <color=#00FF00>35%</color> 증가됩니다,德语,"Wenn der erlittene Gesamtschaden in dieser Runde <color=#00FF00>20%</color> der Max. GP überschreitet, werden in der folgenden Runde <color=#00FF00>35%</color> zusätzliche Angriffskraft gewährt."
可以打开雷系宠物魔法蛋的锤子,日语,雷のポンエッグを叩いて開けることができるハンマー,印尼语,Martil yang dapat menghancurkan dan membuka PunEgg Halilintar
全身装备<color=#ebbbff><b>永恒</b></color>装备,日语,装着している装備はすべて<color=#ebbbff><b>エターナル</b></color>,意大利语,Tutti gli equipaggiamenti indossati sono <color=#ebbbff>Eterni</color>
获得{0}个黑洞球,日语,ブラックホールボールを{0}個ゲットする,德语,Erlange {0} Schwarzes-Loch-Kugel(n)
试炼之塔规则,日语,試練の塔のルール,法语,Règles de l'épreuve
试炼之塔已重置，本次挑战无效,韩语,시련의 탑이 재설정되었습니다. 이번 결과는 무효가 됩니다.,德语,"Der Prüfungsturm wurde zurückgesetzt, diese Herausforderung ist ungültig"
在装备合成时可替代任意传说帽子的神秘材料,韩语,장비 융합 시 아무 레전드 모자를 대체하는 데 사용됩니다,意大利语,Può sostituire qualsiasi Cappello leggendario durante la fusione dell'equipaggiamento
在装备合成时可替代任意荣耀靴子的神秘材料,韩语,장비 융합 시 아무 영예 신발을 대체하는 데 사용됩니다,法语,Peut remplacer n'importe quelle chaussure d'honneur lors de la fusion d'équipement
飞弹精通,日语,ミサイルマスター,法语,MAÎTRE DES MISSILES
试炼商店,韩语,시련의 상점,法语,Boutique de l'Épreuve
卡牌选择,日语,カードを選択,法语,Sélectionner une carte
替换,繁体中文,替換,意大利语,Sostituisci
随机获得一个S级史诗火系宠物,日语,ランダムに選択されたSグレードのエピックの炎のペットを1匹ゲットしよう,俄语,Получите 1 случайного эпического огненного питомца класса S
<b>永恒 + 5</b>,韩语,<b>이터널 + 5</b>,越南语,Vĩnh Hằng + 5
随机优秀装备,日语,ランダムグッドの装備,意大利语,Equipaggiamento buono casuale
在装备合成时可替代任意传说衣服的神秘材料,韩语,장비 융합 시 아무 레전드 옷를 대체하는 데 사용됩니다,越南语,Có thể thay thế bất kỳ Áo Choàng Huyền Thoại nào trong suốt quá trình dung hợp trang bị
连击数每达到{0}时天降{1}个炸弹,韩语,{0} 콤보마다 폭탄 {1}개가 떨어집니다,阿拉伯语,كلما وصل عدد مجموعة الضربات إلى {0}، أسقِط {1} من القنابل.
连击数每达到{0}时天降{1}个火球,韩语,{0} 콤보마다 파이어 볼 {1}개가 떨어집니다,阿拉伯语,كلما وصل عدد مجموعة الضربات إلى {0}، أسقِط {1} من الكرات النارية.
已成功扫荡至{0}层,韩语,{0}층까지 소탕이 성공했습니다,西班牙语（西班牙）,Has llegado en Guerra relámpago al nivel {0}
随机S级史诗冰系宠物,日语,ランダムSグレードのエピックの氷のペット,法语,Familier de glace épique de grade S aléatoire
所有飞弹伤害提升{0}%，发射飞弹时额外发射{1}个,韩语,모든 미사일 데미지가 {0}% 증가되며 추가 미사일 {1}개를 발사합니다,德语,Sämtlicher Raketenschaden ist um {0}% erhöht. Es werden +{1} Rakete(n) zusätzlich abgefeuert.
获得{0}个狙击球,日语,スナイパーボールを{0}個ゲットする,西班牙语（西班牙）,Obtén {0} bola(s) de francotirador.
装备降级,日语,レベル ダウン,法语,Niveau inférieur
添加上轮卡组,韩语,지난 라운드 카드,西班牙语（西班牙）,Cartas de la última ronda
获得{0}个秒杀球,日语,即死ボールを{0}個ゲットする,阿拉伯语,احصل على {0} من كرات القتل الفوري
传说戒指晶石,日语,レジェンダリー指輪の魔晶石,意大利语,Barite dell'Anello leggendario
"所有火焰伤害提升{0}%,灼烧时将灼烧状态传染给周围怪物",韩语,모든 불 데미지가 {0}% 증가되며 주변 몬스터들에게 불이 번집니다,法语,Tous les dégâts de feu ont été augmentés de {0} %. La combustion s'étend aux monstres environnants
随机获得一个A级史诗冰系宠物,日语,ランダムに選択されたAグレードのエピックの氷のペットを1匹ゲットしよう,俄语,Получите 1 случайного эпического ледяного питомца класса A
近战球,日语,近接ボール,意大利语,BIGLIA DA COMBATTIMENTO
随机获得一个A级史诗雷系宠物,日语,ランダムに選択されたAグレードのエピックの雷のペットを1匹ゲットしよう,俄语,Получите 1 случайного эпического громового питомца класса A
连击数每达到{0}时天降{1}个冰锥,韩语,{0} 콤보마다 얼음 기둥 {1}개가 떨어집니다,阿拉伯语,كلما وصل عدد مجموعة الضربات إلى {0}، أسقِط {1} من الكرات الجليدية.
怪物被击败发射{0}个导弹,韩语,죽인 몬스터가 미사일 {0}개를 발사합니다,西班牙语（西班牙）,Los monstruos muertos disparan {0} misil(es).
绝地反击,韩语,마지막 돌격,越南语,LẦN NẠP CUỐI CÙNG
放弃本轮挑战,日语,現在のバトルを終了,印尼语,Keluar dari pertempuran saat ini
替换卡牌,日语,カードを交換,法语,Remplacer la carte
试炼之塔会在每周一00:00（utc+8）重置，重置后玩家需从第1层重新挑战。\n玩家每挑战一层不会消耗体力，只会消耗1个蜡烛，每周试炼之塔重置时蜡烛会自动补满到20。\n挑战失败可重复挑战，挑战成功有一次3选1卡牌的机会，卡牌效果在本轮挑战中都会生效。\n在挑战过程中可随时放弃本轮挑战，放弃后从第1层重新开始挑战。\n试炼之塔通过15层后会开启扫荡功能，玩家可自由搭配已解锁的卡牌组成卡组进行扫荡，可从第1层直接扫荡至最高层数-5层。\n首次通关任意层后可领取该层对应的宝箱，仅限一次。\n本周首次通关任意层后可领取该层对应的试练塔硬币奖励，每周一次。\n可在试炼商店中花费试练硬币购买相应的商品。试炼商店会在每周试炼之塔重置时补货。,韩语,시련은 매주 월요일 01:00 (UTC+9)에 리셋됩니다. 리셋 후 플레이어가 1층부터 다시 도전합니다.\n플레이어는 각 층 도전할 때 에너지를 소비하지 않고 촛불 하나를 소비합니다. 매주 시련 리셋 시 촛불이 20개로 다시 채워집니다.\n실패 시 다시 도전할 수 있습니다. 도전이 성공하면 플레이어에게 카드 3장 중 하나를 선택하는 기회가 주어집니다. 카드 효과는 현재 라운드에서 적용됩니다.\n도전 중 현재 라운드를 포기할 수 있습니다. 포기하면 도전을 1층부터 다시 시작합니다.\n소탕 옵션은 15층 클리어 후 해제됩니다. 해제된 카드를 자유롭게 조합하여 데크를 만들어 소탕을 진행할 수 있습니다. 1층부터 최고 층보다 5층 낮은 층수까지 소탕할 수 있습니다.\n아무 층 첫 클리어 시 해당 층의 상자를 획득할 수 있습니다.(1회 제한)\n이번 주 아무 층 첫 클리어 시 해당 층의 시련 코인 보상을 획득할 수 있습니다. (주 1회 제한)\n시련 코인을 사용하여 시련의 상점에서 다양한 아이템을 구매하세요. 매주 시련 리셋 시 시련의 상점 상품이 재입고 됩니다.,法语,"La période de l'Épreuve se réinitialise tous les lundis à 00h00 (UTC+8). Une fois réinitialisé, les joueurs recommencent leur défi depuis le 1er étage.\nLes joueurs ne dépensent pas d'Endurance pour chaque défi d'étage, mais dépensent 1 Bougie. Les Bougies se rechargent jusqu'à 20 lorsque l'Épreuve se réinitialise chaque semaine.\nLes défis peuvent être recommencés en cas d'échec. Les défis réussis donnent aux joueurs une chance de choisir l'une des 3 cartes. Les effets de carte sont actifs pour la manche en cours.\nVous pouvez quitter la manche en cours au cours du défi. Si vous le faites, vous relancerez le défi à partir du 1er étage.\nL'option Blitz sera disponible une fois que vous aurez terminé le 15e étage de l'Épreuve. Les joueurs peuvent librement mélanger et associer des cartes déverrouillées en un ensemble avec lequel effectuer un Blitz. Le Blitz peut être utilisé du 1er étage jusqu'à 5 étages plus bas que votre dernier étage terminé.\nVous pouvez récupérer le coffre d'un étage lors de votre premier achèvement de n'importe quel étage (une seule fois).\nVous pouvez récupérer la récompense Pièce d'Épreuve d'un étage lors de votre première achèvement d'un étage de la semaine en cours (une fois par semaine).\nUtilisez des Pièces d'Épreuve dans la boutique d'Épreuve pour acheter divers objets. La boutique d'Épreuve réapprovisionne ses produits après la réinitialisation hebdomadaire de l'Épreuve."
确定降品,日语,ダウングレードを確定,法语,Confirmer le grade inférieur
恭喜您通关{0}层,日语,フロア{0}をクリアしました。おめでとう。,意大利语,Congratulazioni per aver completato il Piano {0}
随机获得一件普通装备,日语,ランダムに選択されたノーマルの装備のアイテムを1つゲットしよう,俄语,Получите 1 случайный предмет снаряжения обычного качества
试炼之塔,韩语,시련의 탑,德语,Turm der Prüfungen
激光竖斩,日语,レーザーカット,俄语,ЛАЗЕРНЫЙ ПОРЕЗ
激光精通,日语,レーザーマスター,俄语,ПОВЕЛИТЕЛЬ ЛАЗЕРОВ
获得一个<color=#ebbbff><b>永恒</b></color>装备或宠物解锁,日语,<color=#ebbbff><b>エターナル</b></color>装備またはペットを ゲットしてアンロック,德语,Hol dir zum Freischalten eine <color=#ebbbff>Epische</color> Ausrüstung oder ein entsprechendes Haustier.
当怪物死亡时，<color=#00FF00>1%</color>概率永久增加一个特殊球（上限<color=#00FF00>5</color>个）,日语,モンスターが死ぬと<color=#00FF00>1%</color>の確率で、スペシャルボールが1個（最大<color=#00FF00>5</color>個）追加される,德语,"Wenn ein Monster stirbt, wird mit <color=#00FF00>1%-iger</color> Wahrscheinlichkeit eine Spezialkugel hinzugefügt (max. <color=#00FF00>5</color>)."
毁灭之球,日语,異空間の扉,法语,BOULE DE DESTRUCTION
随机稀有靴子,韩语,랜덤 레어 신발,法语,Chaussures rares aléatoires
攻击增加,韩语,공격 증가,德语,ANGRIFFSVERSTÄRKUNG
随机A级普通宠物,日语,ランダムAグレードのノーマルペット,法语,Familier normal de grade A aléatoire
当前还有卡牌未领取,韩语,수령하지 못 한 카드가 있습니다,法语,Vous avez toujours des cartes non récupérées
传说护腕晶石,日语,レジェンダリーブレーサーの魔晶石,阿拉伯语,مناوشة الواقيات الداعمة الأسطورية
史诗护腕晶石,日语,エピックブレーサーの魔晶石,阿拉伯语,مناوشة الواقيات الداعمة الملحمية
第{0}层,日语,フロア{0},阿拉伯语,الطابق {0}
在装备合成时可替代任意传说护腕的神秘材料,韩语,장비 융합 시 아무 레전드 팔보호구를 대체하는 데 사용됩니다,越南语,Có thể thay thế bất kỳ Băng Tay Huyền Thoại nào trong suốt quá trình dung hợp trang bị
是否要替换这张卡牌？,韩语,이 카드를 교체하시겠습니까?,土耳其语,Bu kartı değiştirmek istediğine emin misin?
在装备合成时可替代任意史诗戒指的神秘材料,韩语,장비 융합 시 아무 에픽 반지를 대체하는 데 사용됩니다,越南语,Có thể thay thế bất kỳ Nhẫn Cực Phẩm nào trong suốt quá trình dung hợp trang bị
回合结束时，当角色血量小于<color=#00FF00>50%</color>时恢复额外恢复最大生命值<color=#00FF00>4%</color>的血量,日语,ラウンド終了時に、キャラクターのHPが<color=#00FF00>50%</color>を下回ると、最大HPの<color=#00FF00>4%</color>を回復する,西班牙语（西班牙）,"Al final de la ronda, cuando los PS son inferiores al <color=#00FF00>50%</color>, restablece un <color=#00FF00>4%</color> de los PS máximos."
获得{0}个普通球,日语,ノーマルボールを{0}個ゲットする,法语,Obtenez {0} balle(s) normale(s)
获得{0}个近战球,日语,近接ボールを{0}個ゲットする,意大利语,Ottieni {0} biglia/e Combattimento
随机A级史诗雷系宠物,日语,ランダムAグレードのエピックの雷のペット,法语,Familier du tonnerre épique de grade A aléatoire
装备是最低品质无法降品,韩语,장비가 이미 최저 품질입니다,德语,Ausrüstung ist bereits auf niedrigstem Rang
随机稀有戒指,日语,ランダムレアの指輪,德语,Zufälliger Seltener Ring
兑换时间,韩语,교환 시간,法语,Heure de l'échange
火焰精通,韩语,화염 마스터,葡萄牙（巴西）,MESTRE DAS CHAMAS
S1赛季传奇头像框,日语,S1レジェンドフレーム,俄语,Легендарная рамка класса S1
荣耀武器晶石,韩语,영예 무기 크리스탈,德语,Ehrenhafter Waffenkristall
随机获得一个S级史诗雷系宠物,日语,ランダムに選択されたSグレードのエピックの雷のペットを1匹ゲットしよう,俄语,Получите 1 случайного эпического громового питомца класса S
随机史诗衣服,日语,ランダムエピックの衣服,俄语,Случайный эпический предмет одежды
随机获得一个S级史诗冰系宠物,日语,ランダムに選択されたSグレードのエピックの氷のペットを1匹ゲットしよう,俄语,Получите 1 случайного эпического ледяного питомца класса S
信息,繁体中文,訊息,西班牙语（西班牙）,Información
随机S级史诗火系宠物,日语,ランダムSグレードのエピックの炎のペット,俄语,Случайный эпический огненный питомец класса S
火焰球,日语,ファイアボール,意大利语,BIGLIA INFUOCATA
怪物被击败对所在横排怪物造成{0}次激光伤害,韩语,죽인 몬스터가 같은 열의 몬스터에게 미사일 {0}개를 발사합니다,西班牙语（西班牙）,Los monstruos muertos disparan {0} láser(es) a los monstruos de la misma fila.
随机获得一件稀有帽子,日语,ランダムに選択されたレアの帽子を1つゲットしよう,俄语,Получите 1 случайный головной убор редкого качества
雷电球,日语,サンダーボール,意大利语,BIGLIA FULMINANTE
风筝,繁体中文,風箏,俄语,Воздушный змей
在装备合成时可替代任意传说武器的神秘材料,韩语,장비 융합 시 아무 레전드 무기를 대체하는 데 사용됩니다,越南语,Có thể thay thế bất kỳ Vũ Khí Huyền Thoại nào trong suốt quá trình dung hợp trang bị
随机获得一件优秀衣服,日语,ランダムに選択されたグッドの衣服を1つゲットしよう,俄语,Получите 1 случайный предмет одежды хорошего качества
永久限定,韩语,단 한번만,越南语,Chỉ một lần duy nhất
在装备合成时可替代任意荣耀武器的神秘材料,韩语,장비 융합 시 아무 영예 무기를 대체하는 데 사용됩니다,法语,Peut remplacer n'importe quelle arme d'honneur pendant la fusion des équipements
限购{0}次,韩语,{0}번 구매 한정,阿拉伯语,فقط {0} من عمليات الشراء
在装备合成时可替代任意史诗靴子的神秘材料,韩语,장비 융합 시 아무 에픽 신발을 대체하는 데 사용됩니다,越南语,Có thể thay thế bất kỳ Giày Cực Phẩm nào trong suốt quá trình dung hợp trang bị
获得{0}个横激光球,日语,横レーザーボールを{0}個ゲットする,意大利语,Ottieni {0} biglia/e Laser orizzontale
随机获得一个A级优秀宠物,日语,ランダムに選択されたAグレードのグッドペットを1匹ゲットしよう,俄语,Получите 1 случайного хорошего питомца класса A
"所有雷电伤害提升{0}%,雷电额外击中{1}个目标",韩语,모든 번개 데미지가 {0}% 증가되며 번개가 추가 표적 {1}개를 적중합니다 ,法语,Tous les dégâts de foudre ont été augmentés de {0} %. La foudre touche + {1} cible(s)
刷新倒计时： {0},韩语,새로 고침까지: {0},法语,Actualisation : {0}
试炼之塔,韩语,시련의 탑,德语,Turm der Prüfungen
<b>永恒</b>,日语,<b>エターナル</b>,越南语,Vĩnh Hằng
功倍,日语,エフェクト2倍,越南语,HIỆU ỨNG GẤP ĐÔI
连击数每达到{0}时复制当前命中的球,韩语,{0} 콤보마다 명중하는 볼이 모두 복제됩니다,阿拉伯语,كلما وصل عدد مجموعة الضربات إلى {0}، استنسخ كل الكرات التي نجحت في الإصابة.
试炼硬币不足,韩语,시련 코인이 부족합니다,西班牙语（西班牙）,No hay suficientes monedas de prueba
传说武器晶石,日语,レジェンダリー武器の魔晶石,俄语,Кристалл легендарного оружия
随机获得一件史诗帽子,日语,ランダムに選択されたエピックの帽子を1つゲットしよう,俄语,Получите 1 случайный головной убор эпического качества
获得{0}个导弹球,日语,ミサイルボールを{0}個ゲットする,阿拉伯语,احصل على {0} من الكرات الصاروخية
火系史诗锤子,日语,エピックの炎ハンマー,俄语,Эпический огненный молот
风筝节\n嘉年华,日语,凧あげ祭り\nカーニバル,法语,CARNAVAL DU\nFESTIVAL DES CERFS-VOLANTS
我的卡组,日语,マイカード,葡萄牙（巴西）,Minhas Cartas
在装备合成时可替代任意传说戒指的神秘材料,韩语,장비 융합 시 아무 레전드 반지를 대체하는 데 사용됩니다,意大利语,Può sostituire qualsiasi Anello leggendario durante la fusione dell'equipaggiamento
冰系史诗锤子,日语,エピックの氷ハンマー,意大利语,Martello di ghiaccio epico
在装备合成时可替代任意史诗帽子的神秘材料,韩语,장비 융합 시 아무 에픽 모자를 대체하는 데 사용됩니다,意大利语,Può sostituire qualsiasi Cappello epico durante la fusione dell'equipaggiamento
普通球,日语,ノーマルボール,意大利语,BIGLIA NORMALE
获得{0}个火焰球,日语,ファイアボールを{0}個ゲットする,阿拉伯语,احصل على {0} من الكرات النارية
可以打开火系宠物魔法蛋的锤子,日语,炎のポンエッグを叩いて開けることができるハンマー,印尼语,Martil yang dapat menghancurkan dan membuka PunEgg Api
随机获得一件史诗护腕,日语,ランダムに選択されたエピックのブレーサーを1つゲットしよう,俄语,Получите 1 случайные наручи эпического качества
所有雷电伤害提升{0}%,日语,すべての雷ダメージが{0}%増加する,法语,Tous les dégâts de foudre ont été augmentés de {0} %
获得{0}个钻头球,日语,ドリルボールを{0}個ゲットする,法语,Obtenir {0} balle(s) de forage
随机获得一个S级史诗森系宠物,日语,ランダムに選択されたSグレードのエピックの森のペットを1匹ゲットしよう,俄语,Получите 1 случайного эпического джунглевого питомца класса S
随机获得一件优秀护腕,日语,ランダムに選択されたグッドのブレーサーを1つゲットしよう,俄语,Получите 1 случайные наручи хорошего качества
传说衣服晶石,日语,レジェンダリー衣服の魔晶石,越南语,Tiết Kiệm Áo Choàng Huyền Thoại
连锁闪电命中的怪物会被额外追击一次天雷伤害,日语,サンダーに命中されたモンスターには、追加で落雷ダメージを与える,德语,"Monster, die von Blitzen getroffen werden, erleiden zusätzlichen Schaden durch einen Himmelsdonner-Schlag."
随机A级史诗冰系宠物,日语,ランダムAグレードのエピックの氷のペット,法语,Familier de glace épique de grade A aléatoire
浪潮有<color=#00FF00>50%</color>概率变成海啸对全屏怪物造成伤害,韩语,파도는 <color=#00FF00>50%</color> 확률로 쓰나미가 되어 모든 몬스터에게 데미지를 입힙니다,德语,Die Welle kann sich mit <color=#00FF00>50%-ige</color> Wahrscheinlichkeit in einen Tsunami verwandeln und Schaden an allen Monstern verursachen.
一键清空,日语,すべてクリア,越南语,Hoàn Thành Tất Cả
选择新技能时<color=#00FF00>10%</color>概率获得所有出现的技能,日语,新しいスキルを選択すると、<color=#00FF00>10%</color>の確率でスキルの選択肢すべてを得られる,德语,Bei Auswahl einer neuen Fähigkeit besteht eine Chance von <color=#00FF00>10%</color> auf Erlangen sämtlicher Fähigkeiten-Auswahlen.
获得{0}个炸弹球,日语,爆弾ボールを{0}個ゲットする,法语,Obtenir {0} balle(s) de bombe
<b>永恒 + 2</b>,韩语,<b>이터널 + 2</b>,越南语,Vĩnh Hằng + 2
降品,日语,グレード ダウン,法语,Grade inférieur
获得<color=#ebbbff><b>永恒+2</b></color>装备,日语,<color=#ebbbff><b>エターナル+2</b></color>装備をゲット,德语,Erhalte einen Ausrüstungsgegenstand <color=#ebbbff>Ewig +2</color>
一回合击杀<color=#00FF00>3</color>个敌人以上，攻击力增加<color=#00FF00>2%</color>（上限<color=#00FF00>20%</color>）,韩语,1 라운드 동안 몬스터 <color=#00FF00>3</color>마리 이상 처치 시 공격 <color=#00FF00>2%</color> 증가 (최대 <color=#00FF00>20%</color>),德语,"Töte <color=#00FF00>3</color>+ Gegner in 1 Runde, um <color=#00FF00>2%</color> zusätzliche Angriffskraft zu erlangen (Max. <color=#00FF00>20%</color>)."
我的卡组,日语,マイカード,葡萄牙（巴西）,Minhas Cartas
试炼硬币,韩语,시련 코인,俄语,Монета за испытание
随机神级传说装备,日语,ランダムレジェンダリーの装備,意大利语,Equipaggiamento leggendario Reliquia casuale
随机获得一件史诗武器,日语,ランダムに選択されたエピックの武器を1つゲットしよう,俄语,Получите 1 случайное оружия редкого качества
随机获得一件稀有护腕,日语,ランダムに選択されたレアのブレーサーを1つゲットしよう,葡萄牙（巴西）,Obtenha 1 par de Braçadeiras Raras aleatórias
挑战失败，请继续努力,日语,失敗しました。もう一度お試しください！,德语,Du bist gescheitert … versuche es noch einmal!
连珠火球,韩语,콤보 파이어 볼,阿拉伯语,ضربات الكرات النارية المتتالية
击败激光,韩语,데스 레이저,意大利语,LASER DELLA MORTE
怪物被击败对所在横排怪物造成激光伤害,韩语,적 사망 시 주변 적을 중독시킵니다,葡萄牙（巴西）,Dispara um laser quando inimigos são abatidos
<b>普通</b>,日语,<b>ノーマル</b>,意大利语,Normale
<b>优秀</b>,日语,<b>グッド</b>,印尼语,Bagus
<b>稀有</b>,简体中文,<b>稀有</b>,德语,Selten
<b>史诗</b>,日语,<b>エピック</b>,泰语,มหากาพย์
<b>史诗 + 1</b>,繁体中文,<b>史詩 + 1</b>,泰语,มหากาพย์ + 1
<b>史诗 + 2</b>,繁体中文,<b>史詩 + 2</b>,泰语,มหากาพย์ + 2
<b>传说</b>,日语,<b>レジェンダリー</b>,越南语,Huyền thoại
<b>传说 + 1</b>,日语,<b>レジェンダリー+1</b>,越南语,Huyền thoại + 1
<b>传说 + 2</b>,日语,<b>レジェンダリー+2</b>,越南语,Huyền thoại + 2
<b>传说 + 3</b>,日语,<b>レジェンダリー+3</b>,越南语,Huyền thoại + 3
<b>荣耀</b>,日语,<b>オナー</b>,印尼语,Kehormatan
<b>荣耀 + 1</b>,繁体中文,<b>榮耀 + 1</b>,印尼语,Kehormatan + 1
<b>荣耀 + 2</b>,繁体中文,<b>榮耀 + 2</b>,印尼语,Kehormatan + 2
<b>荣耀 + 3</b>,繁体中文,<b>榮耀 + 3</b>,印尼语,Kehormatan + 3
<b>荣耀 + 4</b>,繁体中文,<b>榮耀 + 4</b>,印尼语,Kehormatan + 4
近战怪物（不含首领）造成的伤害减少<color=#00FF00>20%</color>,日语,近距離のモンスターのダメージが-<color=#00FF00>20%</color>になる,意大利语,Attacco a distanza ravvicinata dei mostri -<color=#00FF00>20%</color>
近战怪物（不含首领）造成的伤害减少<color=#00FF00>25%</color>,日语,近距離のモンスターのダメージが-<color=#00FF00>25%</color>になる,意大利语,Attacco a distanza ravvicinata dei mostri -<color=#00FF00>25%</color>
近战怪物（不含首领）造成的伤害减少<color=#00FF00>30%</color>,日语,近距離のモンスターのダメージが-<color=#00FF00>30%</color>になる,意大利语,Attacco a distanza ravvicinata dei mostri -<color=#00FF00>30%</color>
近战怪物（不含首领）造成的伤害减少<color=#00FF00>40%</color>,日语,近距離のモンスターのダメージが-<color=#00FF00>40%</color>になる,意大利语,Attacco a distanza ravvicinata dei mostri -<color=#00FF00>40%</color>
回合结束时，回复最大生命值<color=#00FF00>1%</color>的血量,简体中文,回合结束时，回复最大生命值<color=#00FF00>1%</color>的血量,德语,Am Ende der Runde werden <color=#00FF00>1%</color> GP wiederhergestellt.
回合结束时，回复最大生命值<color=#00FF00>1.5%</color>的血量,简体中文,回合结束时，回复最大生命值<color=#00FF00>1.5%</color>的血量,德语,"Am Ende der Runde werden <color=#00FF00>1,5%</color> GP wiederhergestellt."
回合结束时，回复最大生命值<color=#00FF00>2%</color>的血量,简体中文,回合结束时，回复最大生命值<color=#00FF00>2%</color>的血量,德语,Am Ende der Runde werden <color=#00FF00>2%</color> GP wiederhergestellt.
回合结束时，回复最大生命值<color=#00FF00>2.5%</color>的血量,简体中文,回合结束时，回复最大生命值<color=#00FF00>2.5%</color>的血量,德语,"Am Ende der Runde werden <color=#00FF00>2,5%</color> GP wiederhergestellt."
装备降级会返还100%的卷轴和金币,韩语,장비 레벨 다운 시 스크롤 및 코인이 100% 반환됩니다,德语,Bei Abwerten von Ausrüstung werden 100 % der Schriftrollen und Münzen zurückerstattet.
确定降级,日语,レベルダウンを確定,法语,Confirmer le niveau inférieur
随机获得一件优秀装备,日语,ランダムに選択されたグッド装備を1つ獲得,俄语,Получите 1 случайный предмет снаряжения хорошего качества
获得<color=#D76CFF><b>史诗</b></color>装备,日语,<color=#D76CFF><b>エピック</b></color>装備をゲット,俄语,Получите снаряжение <color=#D76CFF>эпич.</color> качества
获得<color=#D76CFF><b>史诗+1</b></color>装备,日语,<color=#D76CFF><b>エピック+1</b></color>装備をゲット,俄语,Получите снаряжение <color=#D76CFF>эпич.+1</color> качества
获得<color=#D76CFF><b>史诗+2</b></color>装备,日语,<color=#D76CFF><b>エピック+2</b></color>装備をゲット,俄语,Получите снаряжение <color=#D76CFF>эпич.+2</color> качества
获得<color=#FEE411><b>传说</b></color>装备,日语,<color=#FEE411><b>レジェンダリー</b></color>装備をゲット,俄语,Получите снаряжение <color=#FEE411>легенд.</color> качества
获得<color=#FEE411><b>传说+1</b></color>装备,日语,<color=#FEE411><b>レジェンダリー+1</b></color>装備をゲット,意大利语,Ottieni equipaggiamento <color=#FEE411>leggendario+1</color>
获得<color=#FEE411><b>传说+2</b></color>装备,日语,<color=#FEE411><b>レジェンダリー+2</b></color>装備をゲット,意大利语,Ottieni equipaggiamento <color=#FEE411>leggendario+2</color>
获得<color=#FEE411><b>传说+3</b></color>装备,日语,<color=#FEE411><b>レジェンダリー+3</b></color>装備をゲット,意大利语,Ottieni equipaggiamento <color=#FEE411>leggendario+3</color>
获得<color=#EE2C2C><b>荣耀</b></color>装备,日语,<color=#EE2C2C><b>オナー</b></color>装備をゲット,俄语,Получите снаряжение <color=#EE2C2C>почет.</color> качества
获得<color=#EE2C2C><b>荣耀+1</b></color>装备,日语,<color=#EE2C2C><b>オナー+1</b></color>装備をゲット,俄语,Получите снаряжение <color=#EE2C2C>почет.+1</color> качества
获得<color=#EE2C2C><b>荣耀+2</b></color>装备,日语,<color=#EE2C2C><b>オナー+2</b></color>装備をゲット,俄语,Получите снаряжение <color=#EE2C2C>почет.+2</color> качества
获得<color=#EE2C2C><b>荣耀+3</b></color>装备,日语,<color=#EE2C2C><b>オナー+3</b></color>装備をゲット,俄语,Получите снаряжение <color=#EE2C2C>почет.+3</color> качества
获得<color=#EE2C2C><b>荣耀+4</b></color>装备,日语,<color=#EE2C2C><b>オナー+4</b></color>装備をゲット,俄语,Получите снаряжение <color=#EE2C2C>почет.+4</color> качества
全身装备<color=#3ABFE3><b>稀有</b></color>装备,日语,装着している装備がすべて<color=#3ABFE3><b>レア</b></color>,意大利语,Tutti gli equipaggiamenti indossati sono <color=#3ABFE3>rari</color>
全身装备<color=#D76CFF><b>史诗</b></color>装备,日语,装着している装備がすべて<color=#D76CFF><b>エピック</b></color>,意大利语,Tutti gli equipaggiamenti indossati sono <color=#D76CFF>epici</color>
全身装备<color=#FEE411><b>传说</b></color>装备,日语,装着している装備がすべて<color=#FEE411><b>レジェンダリー</b></color>,意大利语,Tutti gli equipaggiamenti indossati sono <color=#FEE411>leggendari</color>
全身装备<color=#EE2C2C><b>荣耀</b></color>装备,日语,装着している装備がすべて<color=#EE2C2C><b>オナー</b></color>,意大利语,Tutti gli equipaggiamenti indossati sono <color=#EE2C2C>onore</color>
随机传说装备,日语,ランダムレジェンダリー装備,意大利语,Equipaggiamento leggendario casuale
随机神级史诗装备,日语,ランダムエピックの遺物装備,法语,Équipement épique de relique aléatoire
获得一个<color=#69D963><b>优秀</b></color>装备或宠物解锁,日语,<color=#69D963><b>グッド</b></color>装備またはペット をゲットしてアンロック,德语,Hol dir zum Freischalten eine <color=#69D963>Gute</color> Ausrüstung oder ein entsprechendes Haustier.
获得一个<color=#3ABFE3><b>稀有</b></color>装备或宠物解锁,日语,<color=#3ABFE3><b>レア</b></color>装備またはペット をゲットしてアンロック,德语,Hol dir zum Freischalten eine <color=#3ABFE3>Seltene</color> Ausrüstung oder ein entsprechendes Haustier.
获得一个<color=#D76CFF><b>史诗</b></color>装备或宠物解锁,日语,<color=#D76CFF><b>エピック</b></color>装備またはペット をゲットしてアンロック,德语,Hol dir zum Freischalten eine <color=#D76CFF>Epische</color> Ausrüstung oder ein entsprechendes Haustier.
获得一个<color=#FEE411><b>传说</b></color>装备或宠物解锁,日语,<color=#FEE411><b>レジェンダリー</b></color>装備またはペット をゲットしてアンロック,德语,Hol dir zum Freischalten eine <color=#FEE411>Legendäre</color> Ausrüstung oder ein entsprechendes Haustier.
获得一个<color=#EE2C2C><b>荣耀</b></color>装备或宠物解锁,日语,<color=#EE2C2C><b>オナー</b></color>装備またはペットを ゲットしてアンロック,德语,Hol dir zum Freischalten eine <color=#EE2C2C>Ehrenhafte</color> Ausrüstung oder ein entsprechendes Haustier.
随机S级史诗宠物,日语,ランダムSグレードのエピックペット,法语,Familier épique de qualité S aléatoire
随机A级史诗宠物,日语,ランダムAグレードのエピックペット,法语,Familier épique de grade A aléatoire
砰砰排位赛本赛季时间为{0}-{1}\n每周一0:00（UTC+8）根据玩家段位进行分组，每组50人。\n每人每天有2次攻打机会，每次攻打消耗10点体力，会掉落金币、经验、食物，还有概率掉落宠物。\n拥有挑战券的玩家，可在每日次数用完后使用挑战券进入。\n周日晚24:00（UTC+8）进行结算，根据每个人本周对BOSS造成的累计总伤害计算排名，发放排名奖励。同时组内排名前15晋级更高段位，排名中间25段位不变，排名后10降至更低段位。\n段位分为青铜、白银、黄金、铂金、钻石、星耀、传说共7个段位，每个赛季首次达到白银及更高段位都会有丰厚的奖励。,韩语,"핀볼랭크 본 시즌 기간은 {0}-{1}입니다.\n매주 월요일 1:00 (UTC+9)에 플레이어들은 랭크에 따라 50명의 플레이어 그룹에 배치됩니다.\n각 플레이어에게는 매일 2번의 공격 기회가 있습니다. 각 공격은 10점의 에너지를 소모하고 코인, XP, 음식 및 펫 찬스가 드롭됩니다.\n플레이어는 매일 공격 횟수가 소진되면 도전 스크롤을 사용하여 입장할 수 있습니다.\n월요일 01:00 (UTC+9)에 최종 집계가 진행되고, 플레이어는 해당 주에 보스에게 가해진 총 데미지를 기준으로 랭크가 매겨집니다. 랭킹 보상이 지급됩니다. 동시에 그룹 상위 15명의 플레이어는 더 높은 랭크로 승격되고, 다음 25명의 플레이어는 랭크가 변경되지 않고 하위 10명의 플레이어는 랭크가 하락됩니다.\n랭크는 7레벨로 나뉩니다: 브론즈, 실버, 골드, 플래티넘, 다이아몬드, 스타 및 레전드. 매 시즌에 플레이어는 실버 또는 그 이상의 랭크를 최초 달성 시 푸짐한 보상이 지급됩니다.",德语,"Das PunRank-Hauptevent in dieser Saison findet von {0} bis {1} statt. Spieler werden jeden Montag um 0:00 (UTC+8) entsprechend ihres Ranges in Gruppen zu je 50 Spielern eingeteilt.\nJeder Spieler erhält 2 Angriffschancen pro Tag. Jeder Angriff verbraucht 10 Energiepunkte und gewährt Münzen, ERF, Nahrung wie auch eine Chance auf ein Haustier.\nSpieler können Herausforderungsrollen einsetzen, um teilzunehmen, wenn das tägliche Angriffslimit überschritten wurde.\nSonntag Nacht um 24:00 (UTC +8) erfolgt eine letzte Abrechnung und anschließend erhält jeder Spieler auf Basis seines am Boss verursachten Gesamschadens dieser Woche seinen entsprechenden Rang. Es werden Ranglisten-Belohnungen vergeben. Gleichzeitig steigen die Top 15 Spieler der Gruppe zu einem höheren Rang auf, während die folgenden 25 Spieler auf ihrem aktuellen Rang verbleiben. Die schlechtesten 10 Spieler der Gruppe erleiden eine Verringerung ihres Ranges und steigen ab.\nEs gibt 7 Rang-Stufen: Bronze, Silber, Gold, Platin, Diamant, Stern und Legendär. Jede Saison werden alle Spieler großzügig belohnt, wenn sie zum 1. Mal einen Rang in Höhe von Gold oder höher erreichen."
挑战券,日语,ポンランク挑戦券,德语,Herausforderungsrolle
拥有挑战券的玩家，可在每日次数用完后使用挑戰券进入。,韩语,매일 횟수가 소진되면 도전 스크롤을 사용하여 입장할 수 있습니다.,法语,Les joueurs peuvent utiliser un Parchemin de défi pour participer une fois que leur limite de défis quotidiens est épuisée.
随机A级传说宠物,日语,ランダムAグレードレジェンダリーペット,法语,Familier légendaire de grade A aléatoire
随机史诗装备,日语,ランダムエピックの装備,俄语,Случайное эпическое снаряжение
随机获得一件史诗装备,日语,ランダムに選択されたエピックの装備を1つゲットしよう,德语,Erhalte 1 zufälligen Epischen Ausrüstungsgegenstand
